arxiv_id	line_number
2501.01102v1	21
2501.01103v1	22
2501.01104v1	23
2501.01110v1	24
2501.01132v1	25
2501.01148v1	26
2501.01153v1	27
2501.01156v2	28
2501.01189v2	30
2501.01231v1	34
2501.01255v1	35
2501.02014v1	36
2501.14779v2	37
2501.01285v1	38
2501.01326v2	39
2501.14780v1	40
2501.01398v1	42
2501.01404v1	43
2501.01518v1	48
2501.01598v1	49
2501.01650v2	51
2501.03182v1	52
2501.01694v1	54
2501.09025v2	55
2501.01723v1	56
2501.01763v1	60
2501.01786v1	61
2501.01791v3	62
2501.01799v1	63
2501.02039v3	67
2501.10403v1	68
2501.01884v3	71
2501.01905v1	72
2501.01921v1	73
2501.01924v1	74
2501.02069v1	75
2501.02080v1	76
2501.02090v1	77
2501.08341v1	78
2501.02117v1	80
2501.02118v1	81
2501.02187v2	86
2501.02189v6	87
2501.02199v1	89
2501.02229v1	91
2501.02292v2	94
2501.02304v1	95
2501.02311v1	96
2501.02341v2	98
2501.02410v2	100
2501.02508v1	108
2501.03687v1	170
2501.04366v2	201
2501.04387v1	202
2501.04746v1	203
2501.06238v1	204
2501.04425v1	205
2501.04453v3	206
2501.04454v1	207
2501.04459v1	208
2501.04464v1	209
2501.04467v2	210
2501.04472v1	211
2501.04483v1	212
2501.04517v2	213
2501.04534v1	214
2501.06241v1	215
2501.04584v2	216
2501.04600v3	217
2501.04610v1	218
2501.04613v1	220
2501.04624v1	221
2501.04647v2	222
2501.04796v2	225
2501.04799v1	226
2501.04848v1	227
2501.04864v2	229
2501.04914v1	230
2501.04916v1	231
2501.04944v1	233
2501.04971v1	234
2501.04975v1	235
2501.04976v1	236
2501.05004v1	237
2501.05009v1	238
2501.05053v1	239
2501.05097v1	241
2501.05105v1	242
2501.05213v1	245
2501.05222v1	247
2501.05233v2	249
2501.05240v3	250
2501.06264v1	255
2501.05318v1	256
2501.05323v1	257
2501.05329v1	258
2501.05496v2	259
2501.05580v1	266
2501.05636v1	274
2501.05647v2	276
2501.05932v1	303
2501.05933v2	304
2501.05938v1	305
2503.13454v1	306
2501.06279v3	307
2501.05982v1	308
2501.05985v2	309
2501.06067v1	311
2501.06073v1	312
2501.06099v1	314
2501.07599v1	315
2501.06108v5	316
2501.06115v1	317
2501.06122v2	318
2501.06141v3	319
2501.06143v3	320
2501.06293v1	321
2501.06309v1	322
2501.06319v1	323
2501.06320v1	324
2501.07601v5	325
2501.06370v2	326
2501.06389v1	327
2501.06399v2	328
2501.06437v1	329
2501.06438v3	330
2501.06440v1	331
2501.06441v1	332
2501.06457v3	333
2501.06474v2	334
2501.06490v1	335
2501.06505v1	336
2501.06527v2	337
2501.06557v2	338
2501.06585v1	339
2501.06608v1	340
2501.06625v1	341
2501.06637v1	342
2501.06647v1	343
2501.06650v2	344
2501.06656v1	345
2501.06662v2	346
2501.06715v1	347
2501.06724v1	348
2501.06727v1	349
2501.06738v1	350
2501.06757v3	351
2501.06783v2	352
2501.06795v1	353
2501.06798v1	354
2501.06831v1	355
2501.06833v1	356
2501.06841v1	357
2501.06878v1	358
2501.06894v3	359
2501.06910v1	360
2501.06959v1	361
2501.06965v1	362
2501.06974v1	363
2501.06976v1	364
2501.10435v2	365
2501.06981v1	366
2501.06988v2	367
2501.06989v1	368
2501.07005v2	369
2501.07015v3	370
2501.07017v2	371
2501.07028v1	372
2501.07033v2	373
2501.07076v3	374
2501.07110v1	375
2501.08352v1	376
2501.07154v1	377
2501.07158v1	378
2501.07165v2	379
2501.07166v1	380
2501.07173v1	381
2501.07179v1	382
2501.09031v1	383
2501.07193v1	384
2501.07195v1	385
2501.07196v1	386
2501.07202v1	387
2501.07208v1	388
2501.07215v1	389
2501.07217v1	390
2501.07221v1	391
2501.07234v1	392
2501.07245v1	393
2501.07247v1	394
2501.07251v3	395
2501.07262v1	396
2501.07330v1	397
2501.07342v1	398
2501.07360v1	399
